name,PA_CURRENT,ACLR,EVM,FREQ,POWER_OUT_dBm,FREQ_ERROR
SEQUENCE: SystemCalib20MHz,0.371,-46.5179711925,1.76388061,1869,29.772239468,4.050094604
SEQUENCE: SystemCalib10MHz,0.367,-48.2066035425,1.502146363,1869,29.644667011,6.957172871
SEQUENCE: SystemCalib5MHz,0.371,-38.51640133,1.364104509,1869,29.722076328,5.555719852
